-- MySQL dump 10.13  Distrib 5.7.25, for Linux (x86_64)
--
-- Host: localhost    Database: webshop
-- ------------------------------------------------------
-- Server version	5.7.25-1

/*!40101 SET @OLD_CHARACTER_SET_CLIENT=@@CHARACTER_SET_CLIENT */;
/*!40101 SET @OLD_CHARACTER_SET_RESULTS=@@CHARACTER_SET_RESULTS */;
/*!40101 SET @OLD_COLLATION_CONNECTION=@@COLLATION_CONNECTION */;
/*!40101 SET NAMES utf8mb4 */;
/*!40103 SET @OLD_TIME_ZONE=@@TIME_ZONE */;
/*!40103 SET TIME_ZONE='+00:00' */;
/*!40014 SET @OLD_UNIQUE_CHECKS=@@UNIQUE_CHECKS, UNIQUE_CHECKS=0 */;
/*!40014 SET @OLD_FOREIGN_KEY_CHECKS=@@FOREIGN_KEY_CHECKS, FOREIGN_KEY_CHECKS=0 */;
/*!40101 SET @OLD_SQL_MODE=@@SQL_MODE, SQL_MODE='NO_AUTO_VALUE_ON_ZERO' */;
/*!40111 SET @OLD_SQL_NOTES=@@SQL_NOTES, SQL_NOTES=0 */;

--
-- Table structure for table `client`
--

DROP TABLE IF EXISTS `client`;
/*!40101 SET @saved_cs_client     = @@character_set_client */;
/*!40101 SET character_set_client = utf8 */;
CREATE TABLE `client` (
  `id` int(11) NOT NULL AUTO_INCREMENT,
  `name` varchar(65) DEFAULT NULL,
  `email` varchar(65) DEFAULT NULL,
  `password` varchar(65) DEFAULT NULL,
  PRIMARY KEY (`id`)
) ENGINE=InnoDB AUTO_INCREMENT=2 DEFAULT CHARSET=utf8;
/*!40101 SET character_set_client = @saved_cs_client */;

--
-- Dumping data for table `client`
--

LOCK TABLES `client` WRITE;
/*!40000 ALTER TABLE `client` DISABLE KEYS */;
INSERT INTO `client` VALUES (1,'Malacka','malacka@pagony.pg','1234');
/*!40000 ALTER TABLE `client` ENABLE KEYS */;
UNLOCK TABLES;

--
-- Table structure for table `order`
--

DROP TABLE IF EXISTS `order`;
/*!40101 SET @saved_cs_client     = @@character_set_client */;
/*!40101 SET character_set_client = utf8 */;
CREATE TABLE `order` (
  `id` int(11) NOT NULL AUTO_INCREMENT,
  `fulfilled` tinyint(1) NOT NULL,
  `date` date DEFAULT NULL,
  `client_id` int(11) NOT NULL,
  PRIMARY KEY (`id`),
  KEY `fk_order_client_idx` (`client_id`),
  CONSTRAINT `fk_order_client` FOREIGN KEY (`client_id`) REFERENCES `client` (`id`) ON DELETE NO ACTION ON UPDATE NO ACTION
) ENGINE=InnoDB AUTO_INCREMENT=12 DEFAULT CHARSET=utf8;
/*!40101 SET character_set_client = @saved_cs_client */;

--
-- Dumping data for table `order`
--

LOCK TABLES `order` WRITE;
/*!40000 ALTER TABLE `order` DISABLE KEYS */;
INSERT INTO `order` VALUES (3,1,'2019-04-23',1),(6,1,'2019-04-23',1),(7,1,'2019-04-23',1),(8,1,'2019-04-23',1),(9,1,'2019-04-23',1),(10,1,'2019-04-23',1),(11,1,'2019-04-28',1);
/*!40000 ALTER TABLE `order` ENABLE KEYS */;
UNLOCK TABLES;

--
-- Table structure for table `orderitem`
--

DROP TABLE IF EXISTS `orderitem`;
/*!40101 SET @saved_cs_client     = @@character_set_client */;
/*!40101 SET character_set_client = utf8 */;
CREATE TABLE `orderitem` (
  `id` int(11) NOT NULL AUTO_INCREMENT,
  `qty` int(11) DEFAULT NULL,
  `order_id` int(11) NOT NULL,
  `product_id` int(11) NOT NULL,
  `price` double DEFAULT NULL,
  PRIMARY KEY (`id`),
  KEY `fk_orderitem_order_idx` (`order_id`),
  KEY `fk_orderitem_product1_idx` (`product_id`)
) ENGINE=InnoDB AUTO_INCREMENT=12 DEFAULT CHARSET=utf8;
/*!40101 SET character_set_client = @saved_cs_client */;

--
-- Dumping data for table `orderitem`
--

LOCK TABLES `orderitem` WRITE;
/*!40000 ALTER TABLE `orderitem` DISABLE KEYS */;
INSERT INTO `orderitem` VALUES (6,1,8,9,8.7),(7,2,8,23,7.2),(8,2,9,3,10.2),(9,5,10,17,8.9),(10,1,11,9,8.7),(11,1,11,10,10.9);
/*!40000 ALTER TABLE `orderitem` ENABLE KEYS */;
UNLOCK TABLES;

--
-- Table structure for table `product`
--

DROP TABLE IF EXISTS `product`;
/*!40101 SET @saved_cs_client     = @@character_set_client */;
/*!40101 SET character_set_client = utf8 */;
CREATE TABLE `product` (
  `id` int(11) NOT NULL AUTO_INCREMENT,
  `title` varchar(45) DEFAULT NULL,
  `artist` varchar(45) DEFAULT NULL,
  `year` int(11) DEFAULT NULL,
  `country` varchar(45) DEFAULT NULL,
  `company` varchar(45) DEFAULT NULL,
  `price` double DEFAULT NULL,
  PRIMARY KEY (`id`)
) ENGINE=MyISAM AUTO_INCREMENT=26 DEFAULT CHARSET=utf8;
/*!40101 SET character_set_client = @saved_cs_client */;

--
-- Dumping data for table `product`
--

LOCK TABLES `product` WRITE;
/*!40000 ALTER TABLE `product` DISABLE KEYS */;
INSERT INTO `product` VALUES (1,'Hide your heart','Bonnie Tyler',1988,'UK','CBS Records',9.9),(2,'Greatest Hits','Dolly Parton',1982,'USA','RCA',9.9),(3,'Still got the blues','Gary Moore',1990,'UK','Virgin records',10.2),(4,'Eros','Eros Ramazzotti',1997,'EU','BMG',9.9),(5,'One night only','Bee Gees',1998,'UK','Polydor',10.9),(6,'Sylvias Mother','Dr.Hook',1973,'UK','CBS',8.1),(7,'Maggie May','Rod Stewart',1990,'UK','Pickwick',8.5),(8,'Romanza','Andrea Bocelli',1996,'EU','Polydor',10.8),(9,'When a man loves a woman','Percy Sledge',1987,'USA','Atlantic',8.7),(10,'Black angel','Savage Rose',1995,'EU','Mega',10.9),(11,'1999 Grammy Nominees','Many',1999,'USA','Grammy',10.2),(12,'For the good times','Kenny Rogers',1995,'UK','Mucik Master',8.7),(13,'Big Willie style','Will Smith',1997,'USA','Columbia',9.9),(14,'Tupelo Honey','Van Morrison',1971,'UK','Polydor',8.2),(15,'Soulsville','Jorn Hoel',1996,'Norway','WEA',7.9),(16,'The very best of','Cat Stevens',1990,'UK','Island',8.9),(17,'Stop','Sam Brown',1988,'UK','A and M',8.9),(18,'Bridge of Spies','T\'Pau',1987,'UK','Siren',7.9),(19,'Private Dancer','Tina Turner',1983,'UK','Capitol',8.9),(20,'Midt om natten','Kim Larsen',1983,'EU','Medley',7.8),(21,'Pavarotti Gala Concert','Luciano Pavarotti',1991,'UK','DECCA',9.9),(22,'The dock of the bay','Otis Redding',1987,'USA','Atlantic',7.9),(23,'Picture book','Simply Red',1985,'EU','Elektra',7.2),(24,'Red','The Communards',1987,'UK','London',7.8),(25,'Unchain my heart','Joe Cocker',1987,'USA','EMI',8.2);
/*!40000 ALTER TABLE `product` ENABLE KEYS */;
UNLOCK TABLES;

--
-- Dumping routines for database 'webshop'
--
/*!40103 SET TIME_ZONE=@OLD_TIME_ZONE */;

/*!40101 SET SQL_MODE=@OLD_SQL_MODE */;
/*!40014 SET FOREIGN_KEY_CHECKS=@OLD_FOREIGN_KEY_CHECKS */;
/*!40014 SET UNIQUE_CHECKS=@OLD_UNIQUE_CHECKS */;
/*!40101 SET CHARACTER_SET_CLIENT=@OLD_CHARACTER_SET_CLIENT */;
/*!40101 SET CHARACTER_SET_RESULTS=@OLD_CHARACTER_SET_RESULTS */;
/*!40101 SET COLLATION_CONNECTION=@OLD_COLLATION_CONNECTION */;
/*!40111 SET SQL_NOTES=@OLD_SQL_NOTES */;

-- Dump completed on 2019-04-28 15:42:22
